time,thermostat_room_temp,room_temp,thermostat_outside_temp,supply_discharge_temp,ahu_supply_temp,setpoint,setpoint_max,setpoint_min,clg_sp_current,htg_sp_current,clg_sp_offset,htg_sp_offset,occupied_clg_sp,occupied_htg_sp,unoccupied_clg_sp,unoccupied_htg_sp,htg_valve_position,htg_valve_command,airflow_desired,airflow_current,airflow_max,airflow_min,damper_position,damper_command,damper_integral_factor,htg_signal,clg_signal,htg_clg_mode,occupied_status,airflow_current_smooth,room_temp_smooth,supply_discharge_temp_smooth,thermostat_outside_temp_smooth,sensible_heat_in,sensible_heat_room,sensible_heat_in_smooth,sensible_heat_room_smooth,thermostat_room_temp_ave,room_temp_ave,thermostat_outside_temp_ave,supply_discharge_temp_ave,ahu_supply_temp_ave,htg_valve_position_ave,htg_valve_command_ave,airflow_desired_ave,airflow_current_ave,damper_position_ave,damper_command_ave,damper_integral_factor_ave,htg_signal_ave,clg_signal_ave,airflow_current_smooth_ave,room_temp_smooth_ave,supply_discharge_temp_smooth_ave,thermostat_outside_temp_smooth_ave,sensible_heat_in_ave,sensible_heat_room_ave,sensible_heat_in_smooth_ave,sensible_heat_room_smooth_ave
2021-04-25T11:00:00.0,73.5,73.9,59.0,88.2,55.1,71.5,85.0,65.0,76.0,70.5,3.0,0.0,73.5,70.5,85.0,55.0,75.2631607055664,45.1519012451172,670.911376953125,861.0,1000.0,400.0,86.9473648071289,87.3878860473633,0.0161654762923717,45.1519012451172,0.0,true,true,837.9999999999998,73.83999999999996,87.29999999999995,58.999999999999986,75940.2,63627.9,73157.39999999994,61877.91999999995,73.5,73.75999999999999,58.333333333333336,86.91333333333333,55.03333333333333,80.17543690999351,76.69510548909503,860.1639648437501,853.6666666666666,86.65262858072917,87.11529744466146,0.01715769780178866,76.69010670979816,0.0,851.1466666666664,73.75999999999996,86.85104761904755,58.33333333333333,74177.90666666666,62966.24000000001,73898.75367619042,62780.32773333327
2021-04-25T11:15:00.0,72.5,72.5,59.0,76.8,54.8,73.5,85.0,65.0,73.5,70.5,3.0,0.0,75.5,72.5,85.0,55.0,21.7894744873047,49.1522979736328,694.913757324219,555.0,1000.0,400.0,73.684211730957,73.2541122436523,0.0144000016152859,49.1522979736328,0.0,true,true,576.5999999999999,72.43999999999997,77.04857142857138,58.999999999999986,42624.0,40237.5,44426.20628571425,41768.90399999997,73.03333333333333,73.26666666666667,59.0,76.11333333333333,54.873333333333335,29.656140136718758,30.609411112467452,583.6564493815102,623.1333333333333,75.90175374348958,75.52409566243492,0.01731748419503373,30.596077473958335,0.0,626.7866666666667,73.26666666666662,76.16704761904757,58.99999999999999,47527.880000000005,45686.22666666667,47843.95596190473,45954.34380952377
2021-04-25T11:30:00.0,72.5,72.7,59.0,81.1,55.0,71.5,85.0,65.0,75.5,72.5,3.0,0.0,73.5,70.5,85.0,55.0,51.1578941345215,49.4938888549805,696.963317871094,707.0,1000.0,400.0,80.0,79.8858947753906,0.0144000016152859,25.4605560302734,0.0,true,true,684.1999999999998,72.64857142857139,80.65428571428566,58.999999999999986,57337.7,51398.9,55183.662285714236,49706.15257142853,72.1,72.30000000000001,59.0,81.65333333333335,55.13333333333333,50.11929779052734,51.81001942952475,710.863448079427,678.5333333333333,79.1157908121745,79.14733734130861,0.017280000696579638,50.2111297607422,0.0,675.4133333333332,72.29999999999995,81.63276190476185,58.99999999999999,55448.073333333334,49059.24,55183.89973333329,48832.819314285676
2021-04-25T11:45:00.0,71.0,71.4,60.0,66.7,54.9,73.5,85.0,65.0,73.5,70.5,3.0,0.0,75.5,72.5,85.0,55.0,19.3684215545654,22.3524398803711,498.114624023437,514.0,1000.0,400.0,72.4210510253906,72.4529342651367,0.0147844729945064,40.3774337768555,0.0,true,true,538.8,71.39999999999996,66.98285714285709,59.999999999999986,34283.8,36699.600000000006,36090.36342857139,38470.31999999998,71.86666666666666,72.03999999999999,59.8,69.3,55.05999999999999,20.36491266886391,20.006212361653645,517.6372599283853,542.2666666666667,73.05263061523436,72.97550964355469,0.017305632121861002,21.190101623535156,0.0,546.2533333333332,72.04171428571424,69.31428571428567,59.79999999999998,37746.72666666667,39078.973333333335,38025.11664761902,39366.75047619044
2021-04-25T12:00:00.0,72.0,72.0,61.0,86.7,55.1,73.0,85.0,65.0,75.5,72.5,3.0,0.0,75.0,72.0,85.0,55.0,56.5263175964355,52.9854888916016,717.912963867187,729.0,1000.0,400.0,81.2631607055664,81.1601791381836,0.0180000010877848,46.9854888916016,0.0,true,true,723.1999999999998,72.02571428571423,86.36571428571423,60.59999999999999,63204.3,52488.0,62459.684571428515,52088.99657142852,71.3,71.53999999999999,60.13333333333333,82.39333333333335,54.966666666666676,53.761403147379546,53.90837656656901,723.4502563476562,690.2,80.0000010172526,80.1314910888672,0.017520000661412898,53.518375142415366,0.0,687.6,71.54114285714282,82.36933333333327,60.106666666666655,57067.600000000006,49386.26,56820.15325714282,49201.09439999996
2021-04-25T12:15:00.0,72.0,72.4,61.0,78.7,55.0,74.0,85.0,65.0,75.0,72.0,3.0,0.0,76.0,73.0,85.0,55.0,45.5789489746094,46.6271667480469,679.763000488281,697.0,1000.0,400.0,79.3684234619141,79.2323379516602,0.0180000010877848,58.6438293457031,0.0,true,true,698.9999999999998,72.41714285714282,79.36857142857139,60.999999999999986,54853.9,50462.8,55478.63142857138,50619.582857142814,72.0,72.34666666666665,60.93333333333333,80.27333333333334,54.96666666666667,46.000001017252586,46.780495198567706,680.682958984375,697.4,79.70526428222657,79.58433329264325,0.018000001087784802,47.58160603841146,0.0,698.4133333333332,72.34723809523805,80.3179047619047,60.959999999999994,55985.05333333333,50454.04666666667,56097.708647619,50527.74849523806
2021-04-25T12:30:00.0,72.5,72.6,62.0,84.6,54.6,73.0,85.0,65.0,76.0,73.0,3.0,0.0,75.0,72.0,85.0,55.0,64.0,51.7687606811523,710.612548828125,754.0,1000.0,400.0,82.4210510253906,82.805534362793,0.0180000010877848,51.7687606811523,0.0,true,true,751.9999999999999,72.66857142857138,84.08571428571423,62.19999999999999,63788.399999999994,54740.399999999994,63232.45714285709,54646.76571428567,72.26666666666667,72.44666666666667,61.4,85.91333333333336,55.08666666666666,62.37894719441734,61.50713806152343,771.462821451823,746.2666666666667,82.13333231608073,82.38675435384114,0.018000001087784802,61.51658325195312,0.0,745.5599999999997,72.44723809523806,85.86990476190472,61.41333333333332,64126.16000000001,54065.92666666667,64030.096838095196,54015.408114285674
2021-04-25T12:45:00.0,72.5,72.7,62.0,80.9,55.4,74.5,85.0,65.0,75.0,72.0,3.0,0.0,76.5,73.5,85.0,55.0,46.7368431091309,62.2938537597656,773.763122558594,691.0,1000.0,400.0,79.2631607055664,79.1707763671875,0.0180000010877848,62.2938537597656,0.0,true,true,707.3999999999999,72.69999999999996,81.67142857142852,62.59999999999999,55901.9,50235.700000000004,57774.368571428524,51427.97999999996,72.5,72.74666666666667,62.2,82.62666666666668,54.96000000000001,49.90877354939779,48.972155253092446,693.8262532552084,720.8666666666667,80.65263315836586,80.5544932047526,0.018000001087784802,48.96882273356119,0.0,722.0933333333331,72.74495238095234,82.6763809523809,62.21333333333332,59565.85999999999,52440.813333333324,59701.23561904756,52528.76678095234
2021-04-25T13:00:00.0,73.0,73.1,64.0,84.2,54.5,77.0,85.0,65.0,76.5,73.5,3.0,0.0,79.0,76.0,85.0,55.0,72.9473648071289,70.6686859130859,824.012084960938,820.0,1000.0,400.0,85.5789489746094,85.5447692871094,0.0195324532687664,100.0,0.0,true,true,854.1999999999998,73.09142857142852,84.35428571428567,63.999999999999986,69044.0,59941.99999999999,72055.4308571428,62434.69828571423,72.56666666666666,72.76666666666665,63.2,86.64,55.02,67.78947321573894,69.4276667277018,816.5726643880208,781.8666666666667,83.76842091878255,83.89532318115236,0.018102164566516907,71.39531097412109,0.0,784.0133333333331,72.76609523809519,86.61942857142851,63.173333333333325,67748.13333333333,56896.78,67911.13706666662,57053.354819047585
2021-04-25T13:15:00.0,74.0,74.1,64.0,81.4,55.3,75.5,85.0,65.0,79.0,76.0,3.0,0.0,77.5,74.5,85.0,55.0,100.0,100.0,1000.0,972.0,1000.0,400.0,91.8947372436523,92.1245422363281,0.0180000010877848,100.0,0.0,true,true,973.1999999999998,73.97999999999996,81.42571428571424,63.999999999999986,79120.8,72025.2,79243.50514285707,71997.33599999995,73.36666666666666,73.61333333333332,63.86666666666667,83.28666666666666,54.99333333333333,100.0,100.0,1000.0,970.8666666666667,91.64210561116535,91.87352294921875,0.018000001087784802,100.0,0.0,967.6666666666664,73.60933333333328,83.2820952380952,63.86666666666666,80848.16666666667,71473.02666666666,80571.4023619047,71234.71653333328
2021-04-25T13:30:00.0,74.0,74.4,64.0,82.1,55.2,77.0,85.0,65.0,77.5,74.5,3.0,0.0,79.0,76.0,85.0,55.0,100.0,100.0,1000.0,1003.0,1000.0,400.0,91.8947372436523,92.1245422363281,0.0180000010877848,100.0,0.0,true,true,993.9999999999998,74.39999999999996,82.17714285714281,63.999999999999986,82346.29999999999,74623.20000000001,81684.07999999993,73953.59999999995,73.96666666666667,74.24,64.13333333333334,83.00666666666666,54.99333333333334,100.0,100.0,1000.0,979.9333333333333,91.89473724365233,92.12454223632811,0.018000001087784802,100.0,0.0,979.8533333333331,74.24457142857139,83.00780952380947,64.13333333333331,81342.02,72751.26666666668,81337.4893714285,72749.69809523804
2021-04-25T13:45:00.0,74.5,74.7,64.0,82.7,55.1,76.5,85.0,65.0,79.0,76.0,3.0,0.0,78.5,75.5,85.0,55.0,100.0,100.0,1000.0,1000.0,1000.0,400.0,91.8947372436523,92.1245422363281,0.0180000010877848,100.0,0.0,true,true,993.9999999999998,74.64857142857139,82.7428571428571,63.999999999999986,82700.0,74700.0,82246.39999999995,74200.67999999993,74.33333333333333,74.52666666666667,64.0,82.78666666666666,55.106666666666676,100.0,100.0,1000.0,993.2,91.89473724365233,92.12454223632811,0.018000001087784802,100.0,0.0,993.1599999999997,74.52495238095233,82.7826666666666,63.99999999999999,82220.80666666667,74019.98666666665,82215.08380952374,74015.22358095231
2021-04-25T14:00:00.0,74.5,74.8,65.0,83.8,55.8,76.0,85.0,65.0,78.5,75.5,3.0,0.0,78.0,75.0,85.0,55.0,100.0,100.0,1000.0,1000.0,1000.0,400.0,91.8947372436523,92.1245422363281,0.0180000010877848,100.0,0.0,true,true,997.5999999999997,74.73999999999995,83.97999999999995,64.99999999999999,83800.0,74800.0,83778.44799999992,74560.62399999992,74.5,74.68666666666668,64.86666666666666,82.78666666666666,55.11333333333334,100.0,100.0,1000.0,998.6,91.89473724365233,92.12454223632811,0.018000001087784802,100.0,0.0,998.7199999999998,74.6860952380952,82.78552380952377,64.86666666666666,82673.54666666666,74582.08666666667,82681.35272380945,74590.46826666662
2021-04-25T14:15:00.0,74.5,74.9,65.0,85.5,55.1,75.0,85.0,65.0,78.0,75.0,3.0,0.0,77.0,74.0,85.0,55.0,100.0,93.9916687011719,963.950012207031,988.0,1000.0,400.0,91.8947372436523,92.1245422363281,0.0180000010877848,93.9916687011719,0.0,true,true,993.3999999999997,74.86571428571423,85.35428571428568,64.99999999999999,84474.0,74001.20000000001,84790.94742857138,74371.6005714285,74.56666666666666,74.86,65.0,82.60000000000001,54.90000000000001,100.0,99.59944458007813,997.5966674804688,997.6,91.89473724365233,92.12454223632811,0.018000001087784802,99.59944458007813,0.0,997.8799999999998,74.86057142857138,82.5891428571428,64.99999999999999,82400.86,74680.34000000001,82413.80925714278,74701.87588571422
2021-04-25T14:30:00.0,74.5,74.9,65.0,88.3,55.1,74.0,85.0,65.0,77.0,74.0,3.0,0.0,76.0,73.0,85.0,55.0,83.1578979492188,84.5764236450195,907.458557128906,918.0,1000.0,400.0,88.1052627563477,88.1574401855469,0.0180000010877848,72.5514221191406,0.0,true,true,900.3999999999999,74.8485714285714,87.84571428571424,64.99999999999999,81059.4,68758.20000000001,79096.28114285709,67393.65371428568,74.63333333333334,74.92,65.0,84.24666666666667,55.006666666666675,86.38596445719399,87.21072540283203,923.2543579101564,944.0,89.5368428548177,89.48078969319661,0.017520000661412898,86.4023935953776,0.0,942.5333333333331,74.91942857142854,84.24952380952375,64.99999999999999,79492.4,70724.64,79373.03699047613,70614.31097142851
2021-04-25T14:45:00.0,74.5,74.5,65.0,82.6,54.5,75.5,85.0,65.0,76.0,73.0,3.0,0.0,77.5,74.5,85.0,55.0,53.4736824035645,51.6773986816406,710.064392089844,760.0,1000.0,400.0,81.7894744873047,81.8704605102539,0.0180000010877848,69.6773986816406,0.0,true,true,766.5999999999999,74.43142857142853,83.29428571428566,64.99999999999999,62775.99999999999,56620.0,63853.399428571385,57059.1331428571,74.36666666666666,74.58,65.0,86.24666666666667,55.033333333333324,63.887719980875644,62.46104278564453,774.7462524414062,804.8666666666667,84.02105204264323,83.8779744466146,0.018000001087784802,63.64270833333333,0.0,806.5199999999999,74.57942857142852,86.27295238095233,64.99999999999999,69452.6,60030.906666666655,69615.89112380946,60154.00552380948
2021-04-25T15:00:00.0,74.5,74.6,65.0,85.3,55.6,74.5,85.0,65.0,77.5,74.5,3.0,0.0,76.5,73.5,85.0,55.0,78.315788269043,63.7273025512695,782.363830566406,865.0,1000.0,400.0,86.8421020507812,86.8346252441406,0.0144000016152859,63.7273025512695,0.0,true,true,851.3999999999999,74.53999999999996,84.93999999999994,64.99999999999999,73784.5,64528.99999999999,72317.91599999994,63463.355999999956,74.13333333333334,74.37333333333332,65.0,87.24,55.02666666666667,76.72982432047527,76.97622782389323,861.8573689778646,844.3333333333334,86.29473470052083,86.46263275146484,0.017280000696579638,77.38067169189452,0.0,842.7599999999999,74.37390476190473,87.20971428571426,64.99999999999999,73639.22,62797.78666666666,73475.2591619047,62680.84182857138
2021-04-25T15:15:00.0,74.0,74.3,65.0,89.6,55.1,71.5,85.0,65.0,76.5,73.5,3.0,0.0,73.5,70.5,85.0,55.0,62.5263175964355,23.7691192626953,542.614685058594,779.0,1000.0,400.0,83.684211730957,83.5978851318359,0.0233016405254602,23.7691192626953,0.0,true,true,732.3999999999999,74.27428571428567,88.63142857142853,64.99999999999999,69798.4,57879.7,64913.65828571424,54398.486857142816,74.16666666666667,74.3933333333333,65.0,86.34666666666665,54.946666666666665,62.982456207275405,59.23961893717447,755.4277099609375,791.2,83.93684285481771,83.89211069742838,0.01787344329059126,59.23184254964192,0.0,788.28,74.39447619047614,86.31809523809518,64.99999999999999,68294.70666666667,58861.29333333333,68009.93973333329,58645.82579047615
2021-04-25T15:30:00.0,72.0,72.0,65.0,57.6,55.0,74.5,85.0,65.0,76.5,73.5,3.0,0.0,76.5,73.5,85.0,55.0,11.3684206008911,46.1611709594727,676.967041015625,486.0,1000.0,400.0,71.5789489746094,71.3554611206055,0.0162124540656805,46.1611709594727,0.0,true,true,516.1999999999998,72.06857142857139,57.282857142857104,64.99999999999999,27993.600000000002,34992.0,29569.410857142826,37201.79657142854,73.13333333333334,73.28666666666666,65.0,64.26,54.93333333333333,13.291228421529143,14.702663675943999,488.21597493489577,514.7333333333333,72.19649251302083,72.10566202799481,0.01800699283679329,14.302663675944002,0.0,521.4799999999999,73.29009523809519,64.26342857142853,64.99999999999999,33537.26666666667,37749.62,33977.71420952378,38246.03744761902
2021-04-25T15:45:00.0,73.0,73.0,65.0,84.7,54.4,73.5,85.0,65.0,76.5,73.5,3.0,0.0,75.5,72.5,85.0,55.0,61.684211730957,45.1025543212891,670.615295410156,748.0,1000.0,400.0,82.9473648071289,83.0671005249023,0.0144000016152859,51.1025543212891,0.0,true,true,743.1999999999998,72.9485714285714,83.97999999999995,64.99999999999999,63355.6,54604.0,62413.93599999994,54215.37828571425,72.0,72.24666666666666,65.0,83.91333333333334,55.06000000000001,59.20000050862632,58.96986389160156,753.8191853841145,714.8,81.72631327311198,81.85728963216145,0.01728708172837895,59.36986389160156,0.0,711.5866666666664,72.24266666666662,83.92076190476185,64.99999999999999,60400.433333333334,51653.99333333334,60084.04411428566,51420.394323809494
2021-04-25T16:00:00.0,72.5,72.9,65.0,81.0,55.5,72.5,85.0,65.0,75.5,72.5,3.0,0.0,74.5,71.5,85.0,55.0,42.4210510253906,44.802604675293,668.815612792969,666.0,1000.0,400.0,79.1578979492187,79.145133972168,0.0180000010877848,32.7859420776367,0.0,true,true,654.9999999999999,72.86571428571423,80.61428571428567,64.99999999999999,53946.0,48551.4,52802.35714285711,47727.04285714281,72.93333333333334,73.06666666666668,65.0,81.68666666666668,55.00666666666667,44.10526148478191,42.16257731119791,652.9754557291667,683.4,79.83158060709636,79.73677622477213,0.017520000661412898,41.35757853190103,0.0,682.9066666666665,73.06723809523805,81.7020952380952,64.99999999999999,55827.293333333335,49933.986666666664,55806.34281904759,49898.623428571394
2021-04-25T16:15:00.0,72.0,72.1,65.0,75.4,55.2,72.0,85.0,65.0,74.5,71.5,3.0,0.0,74.0,71.0,85.0,55.0,29.4736843109131,28.16943359375,569.0166015625,606.0,1000.0,400.0,76.0,75.9399185180664,0.0180000010877848,22.1527709960937,0.0,true,true,591.3999999999999,72.06571428571425,75.33999999999997,64.79999999999998,45692.4,43692.6,44556.07599999997,42619.663428571395,72.16666666666667,72.41333333333334,65.0,77.0,54.95333333333333,30.46315867106119,30.626039123535147,583.7562133789063,604.5333333333333,76.67368214925128,76.63833669026693,0.018000001087784802,29.815485127766916,0.0,604.2933333333332,72.41333333333328,77.01314285714281,64.98666666666665,46549.40666666666,43777.87333333333,46540.614019047585,43761.25451428568
2021-04-25T16:30:00.0,71.5,71.8,64.0,75.7,55.1,71.0,85.0,65.0,74.0,71.0,3.0,0.0,73.0,70.0,85.0,55.0,20.9473686218262,6.75291442871094,440.517486572266,533.0,1000.0,400.0,73.4736862182617,73.5069961547852,0.0180000010877848,6.75291442871094,0.0,true,true,512.8,71.77428571428567,75.45999999999995,63.999999999999986,40348.1,38269.4,38695.88799999997,36805.85371428569,71.66666666666667,71.88666666666664,64.46666666666667,76.00666666666666,54.913333333333334,21.487719345092767,20.867857869466146,522.7971211751302,537.4666666666667,73.55789642333984,73.59652709960939,0.018000001087784802,20.859521993001312,0.0,536.9999999999999,71.88666666666663,76.00666666666663,64.47999999999999,40847.73333333333,38637.31333333334,40814.12674285711,38604.098323809485
2021-04-25T16:45:00.0,70.5,70.9,65.0,57.5,55.1,73.0,85.0,65.0,73.0,72.0,3.0,0.0,75.0,72.0,85.0,55.0,0.210526317358017,24.2953338623047,545.77197265625,413.0,1000.0,400.0,69.684211730957,69.8023834228516,0.0144000016152859,24.2953338623047,0.0,true,true,438.19999999999993,70.89999999999996,57.19142857142854,64.99999999999999,23747.5,29281.7,25061.28399999998,31068.37999999998,71.2,71.4,64.6,60.72666666666667,55.026666666666664,1.3824561019738517,2.479045613606772,414.8742696126302,431.8,70.0631581624349,70.07703501383463,0.01776000112295154,2.479045613606772,0.0,435.59999999999997,71.4011428571428,60.70095238095235,64.6,26320.26,30835.16,26537.85462857141,31106.50662857141
2021-04-25T17:00:00.0,71.0,71.3,65.0,84.9,54.7,71.0,85.0,65.0,75.0,72.0,3.0,0.0,73.0,70.0,85.0,55.0,39.7894744873047,15.2941207885742,491.764709472656,618.0,1000.0,400.0,77.2631607055664,77.4840850830078,0.0144000016152859,15.2941207885742,0.0,true,true,603.5999999999999,71.24857142857137,84.44571428571425,64.79999999999998,52468.200000000004,44063.4,50971.43314285711,43005.63771428567,70.6,70.85999999999999,65.0,78.15333333333335,55.06666666666667,33.263157780965145,33.29335225423176,599.7600952148437,572.2666666666667,75.67719268798828,75.83854166666667,0.017280000696579638,33.29335225423176,0.0,568.7999999999998,70.85828571428566,78.16476190476186,64.98666666666665,45066.52666666666,40555.700000000004,44779.56068571425,40308.77641904759
2021-04-25T17:15:00.0,71.0,71.3,64.0,60.6,55.5,69.0,85.0,65.0,73.0,70.0,3.0,0.0,71.0,68.0,85.0,55.0,4.84210538864136,0.0,400.0,435.0,1000.0,400.0,70.315788269043,70.2012329101563,0.0180000010877848,0.0,0.0,false,true,441.9999999999999,71.23999999999995,60.4885714285714,63.999999999999986,26361.0,31015.5,26735.94857142855,31488.07999999997,71.0,71.35333333333331,64.13333333333334,72.80666666666666,54.980000000000004,9.27017526626587,7.27906290690104,443.66769816080716,487.73333333333335,71.88070119222006,71.84747467041014,0.017520000661412898,7.27461954752604,0.0,489.03999999999985,71.35276190476186,72.8220952380952,64.14666666666666,35694.08666666667,34801.54,35791.266514285686,34894.94369523807
2021-04-25T17:30:00.0,70.0,70.3,63.0,57.4,55.4,70.0,85.0,65.0,71.0,68.0,3.0,0.0,72.0,69.0,85.0,55.0,0.0,0.0,400.0,416.0,1000.0,400.0,69.684211730957,69.7470550537109,0.0180000010877848,0.0,0.0,false,true,413.5999999999999,70.26571428571424,57.43428571428568,63.39999999999999,23878.399999999998,29244.8,23754.82057142855,29061.899428571403,70.46666666666667,70.68,63.93333333333333,57.87999999999999,54.993333333333325,0.0,0.0,400.0,417.46666666666664,69.72631683349609,69.77733357747393,0.018000001087784802,0.0,0.0,417.5199999999999,70.68114285714282,57.883428571428546,63.91999999999999,24168.053333333333,29508.38666666666,24172.221561904746,29512.715466666643
2021-04-25T17:45:00.0,69.5,69.9,63.0,57.0,55.3,72.5,85.0,65.0,72.0,69.0,3.0,0.0,74.5,71.5,85.0,55.0,0.0,0.0,400.0,416.0,1000.0,400.0,69.684211730957,69.7862319946289,0.0144000016152859,24.033332824707,0.0,true,true,431.9999999999999,69.88285714285709,56.639999999999965,62.99999999999999,23712.0,29078.4,24468.479999999978,30189.394285714254,69.86666666666666,70.03333333333333,63.13333333333333,57.133333333333326,54.96666666666667,0.0,0.0,400.0,412.4,69.68421173095702,69.74966684977211,0.01776000112295154,1.6022221883138,0.0,413.87999999999994,70.03390476190471,57.10419047619045,63.146666666666654,23561.76666666667,28881.70666666667,23633.609714285696,28985.411123809496
2021-04-25T18:00:00.0,70.5,70.7,62.0,83.1,54.5,74.0,85.0,65.0,74.5,71.5,3.0,0.0,76.0,73.0,85.0,55.0,39.0526313781738,56.4079132080078,738.447448730469,625.0,1000.0,400.0,77.8947372436523,77.8495635986328,0.0180000010877848,56.4079132080078,0.0,true,true,645.5999999999999,70.65714285714282,84.59999999999995,61.999999999999986,51937.5,44187.5,54617.75999999996,45616.2514285714,69.8,69.97333333333333,62.4,78.87999999999998,55.00666666666665,34.533333333333324,36.84142608642576,623.4485473632812,580.5333333333333,76.58947397867838,76.56909790039062,0.017520000661412898,36.86531524658203,0.0,580.68,69.97219047619043,78.96514285714282,62.39999999999999,46234.66,40632.12,46276.29078095235,40642.90095238092
2021-04-25T18:15:00.0,72.0,72.1,61.0,89.1,55.1,71.0,85.0,65.0,73.0,70.0,3.0,0.0,73.0,70.0,85.0,55.0,66.1052627563477,30.3826370239258,582.295776367188,786.0,1000.0,400.0,85.4736862182617,85.3776245117188,0.0168936066329479,30.3826370239258,0.0,true,true,755.3999999999999,72.12571428571424,88.42285714285708,60.999999999999986,70032.59999999999,56670.6,66794.62628571423,54483.764571428525,71.2,71.42666666666668,61.333333333333336,90.22666666666665,54.96,64.40701700846357,62.75325927734375,776.5195556640625,759.9333333333333,84.42105102539064,84.42840983072917,0.01792624145746234,62.7588150024414,0.0,756.0799999999999,71.42895238095234,90.16209523809518,61.33333333333333,68539.34,54291.68000000001,68151.99020952376,54016.84217142852
2021-04-25T18:30:00.0,71.5,71.7,60.0,76.9,55.1,72.5,85.0,65.0,74.5,71.5,3.0,0.0,74.5,71.5,85.0,55.0,10.9473686218262,26.3495559692383,558.097351074219,486.0,1000.0,400.0,71.5789489746094,71.6497802734375,0.0144000016152859,26.3495559692383,0.0,true,true,488.9999999999999,71.66571428571424,76.90857142857139,59.999999999999986,37373.4,34846.200000000004,37608.2914285714,35044.53428571426,71.86666666666666,72.1,60.4,79.46,55.02,17.670175361633294,17.468845113118487,504.80306193033846,551.2666666666667,74.2736831665039,74.08986053466796,0.017345993469158823,17.46495615641276,0.0,553.7466666666664,72.0982857142857,79.46457142857139,60.39999999999999,44033.66666666667,39757.98666666667,44229.01824761902,39936.24510476188
2021-04-25T18:45:00.0,71.5,71.4,59.0,80.2,55.4,75.0,85.0,65.0,74.5,71.5,3.0,0.0,77.0,74.0,85.0,55.0,34.2105255126953,29.9745025634766,579.846984863281,580.0,1000.0,400.0,76.6315765380859,76.689811706543,0.0219487734138966,66.0245056152344,0.0,true,true,620.1999999999999,71.39999999999996,82.14571428571423,58.999999999999986,46516.0,41412.0,50946.77199999996,44282.27999999997,71.23333333333333,71.46666666666665,59.733333333333334,79.68,54.99333333333334,29.775438563028978,30.681763203938804,584.0939086914063,550.6,75.25613911946614,75.39548034667969,0.01778325214982035,33.08787384033203,0.0,554.1599999999999,71.46780952380949,79.76228571428568,59.73333333333332,43905.100000000006,39347.31999999999,44239.479733333304,39602.05958095235
2021-04-25T19:00:00.0,72.5,72.8,59.0,90.5,55.1,74.5,85.0,65.0,77.0,74.0,3.0,0.0,76.5,73.5,85.0,55.0,80.4210510253906,81.424201965332,852.545227050781,858.0,1000.0,400.0,88.6315765380859,88.6988906860352,0.0180000010877848,75.4408721923828,0.0,true,true,863.7999999999998,72.77428571428567,90.07999999999994,58.599999999999994,77649.0,62462.399999999994,77811.10399999993,62862.42799999995,71.83333333333333,72.04,59.0,88.53999999999999,54.95333333333334,75.30526377360025,75.92152709960938,853.1291544596354,816.5333333333333,87.07368316650391,87.26079152425132,0.018000001087784802,75.55097249348958,0.0,813.0533333333331,72.03885714285711,88.45199999999994,58.959999999999994,72236.59333333332,58845.0,71866.19539047613,58594.91512380948
2021-04-25T19:15:00.0,73.5,73.6,58.0,91.4,55.6,73.0,85.0,65.0,75.0,72.0,3.0,0.0,75.0,72.0,85.0,55.0,75.1578979492188,53.4657440185547,720.79443359375,861.0,1000.0,400.0,88.0,87.5992660522461,0.0144000016152859,53.4657440185547,0.0,true,true,837.9999999999998,73.51428571428568,90.73999999999994,57.99999999999999,78695.40000000001,63369.6,76040.11999999992,61604.97142857138,73.0,73.22666666666665,58.0,87.72000000000001,55.0,75.85263315836589,73.24579111735027,839.4747477213542,865.1333333333333,88.16842041015623,87.8874745686849,0.01776000112295154,73.25357259114584,0.0,862.9466666666665,73.22380952380946,87.70514285714282,58.03999999999999,75885.40666666668,63350.153333333335,75677.17180952374,63187.072152380904
2021-04-25T19:30:00.0,73.0,73.3,57.0,91.7,55.0,71.5,85.0,65.0,73.5,70.5,3.0,0.0,73.5,70.5,85.0,55.0,45.2631568908691,23.074348449707,538.446044921875,685.0,1000.0,400.0,79.7894744873047,79.5339431762695,0.0180000010877848,23.074348449707,0.0,true,true,660.8,73.24857142857138,90.38857142857138,56.999999999999986,62814.5,50210.5,59728.76799999997,48402.655999999966,73.16666666666667,73.43333333333332,57.4,88.49333333333334,54.94666666666667,48.14035110473632,45.65146586100259,671.4954549153645,719.1333333333333,81.47368570963542,81.20919748942057,0.017520000661412898,45.238133239746084,0.0,718.6666666666664,73.43504761904757,88.47390476190472,57.39999999999999,63636.346666666665,52810.31999999999,63580.95504761898,52778.57984761901
2021-04-25T19:45:00.0,72.0,72.2,57.0,61.2,55.2,69.0,85.0,65.0,71.0,68.0,3.0,0.0,71.0,68.0,85.0,55.0,3.89473676681519,0.0,400.0,445.0,1000.0,400.0,70.9473648071289,71.0086441040039,0.0180000010877848,0.0,12.0166664123535,false,true,440.9999999999999,72.13999999999996,61.15714285714282,56.999999999999986,27234.0,32129.0,26970.299999999977,31813.739999999972,72.53333333333333,72.71333333333334,57.0,74.52666666666666,54.940000000000005,11.284210681915283,10.34007873535157,462.0404663085937,498.6,72.42105000813801,72.34118245442708,0.018000001087784802,10.34007873535157,0.8011110941569,500.51999999999987,72.71390476190473,74.56952380952377,56.99999999999999,37468.71333333334,36268.346666666665,37638.34944761902,36409.45904761902
2021-04-25T20:00:00.0,70.5,70.8,56.0,57.7,55.2,71.0,85.0,65.0,71.0,68.0,3.0,0.0,73.0,70.0,85.0,55.0,0.0,0.0,400.0,432.0,1000.0,400.0,70.315788269043,70.150749206543,0.0180000010877848,0.0,0.0,false,true,429.5999999999999,70.73999999999995,57.71714285714283,55.999999999999986,24926.4,30585.6,24795.284571428554,30389.903999999973,71.06666666666666,71.31333333333333,56.266666666666666,58.213333333333345,55.02,0.0,0.0,400.0,427.73333333333335,70.31578826904298,70.15074920654298,0.018000001087784802,0.0,4.846883392333988,428.17333333333323,71.31276190476186,58.213904761904715,56.26666666666666,24900.480000000003,30503.059999999994,24926.88015238093,30534.4631238095
2021-04-25T20:15:00.0,70.0,70.1,56.0,57.3,55.3,69.0,85.0,65.0,73.0,70.0,3.0,0.0,71.0,68.0,85.0,55.0,0.0,0.0,400.0,435.0,1000.0,400.0,70.315788269043,70.150749206543,0.0180000010877848,0.0,0.0,false,true,430.7999999999999,70.09999999999995,57.29999999999996,55.999999999999986,24925.5,30493.499999999996,24684.83999999998,30199.079999999973,70.16666666666667,70.34666666666665,56.0,57.31333333333334,55.00666666666665,0.0,0.0,400.0,428.8,70.31578826904298,70.15074920654298,0.018000001087784802,0.0,0.0,428.68,70.34895238095234,57.31276190476187,55.99999999999999,24576.379999999997,30164.780000000002,24569.189828571405,30157.377942857118
2021-04-25T20:30:00.0,69.5,69.8,55.0,56.8,54.5,71.5,85.0,65.0,71.0,68.0,3.0,0.0,73.5,70.5,85.0,55.0,0.0,0.0,400.0,432.0,1000.0,400.0,70.315788269043,69.8684997558594,0.0180000010877848,12.0166702270508,0.0,true,true,435.7999999999999,69.74857142857138,56.61142857142853,55.19999999999999,24537.6,30153.6,24671.26057142855,30396.427428571402,69.7,69.91999999999999,55.86666666666667,57.08666666666667,54.913333333333334,0.0,0.0,400.0,433.0,70.31578826904298,70.03274536132814,0.018000001087784802,0.8011113484700534,0.0,433.3733333333333,69.91771428571424,57.06952380952377,55.86666666666665,24718.46,30275.239999999994,24732.27973333332,30300.35226666664
2021-04-25T20:45:00.0,70.0,70.1,55.0,77.3,55.2,69.0,85.0,65.0,73.5,70.5,3.0,0.0,71.0,68.0,85.0,55.0,21.0526313781738,0.0,400.0,501.0,1000.0,400.0,72.8421020507812,73.0283050537109,0.0144000016152859,0.0,0.0,false,true,489.19999999999993,70.09999999999995,77.23999999999995,54.999999999999986,38727.299999999996,35120.1,37785.80799999997,34292.91999999997,69.63333333333334,69.79333333333332,55.0,72.86666666666666,55.013333333333335,17.326315943400047,16.775957234700527,500.6557373046875,479.8,72.42105051676432,72.48010762532552,0.01704000073174638,16.78984832763672,0.0,478.76,69.79504761904758,72.88723809523805,54.99999999999999,35074.47333333334,33489.979999999996,34996.775542857125,33417.817142857115
2021-04-25T21:00:00.0,69.5,69.9,55.0,57.6,55.2,72.0,85.0,65.0,71.0,71.0,3.0,0.0,74.0,71.0,85.0,55.0,0.105263158679008,18.0250015258789,508.149993896484,413.0,1000.0,400.0,69.684211730957,69.4058380126953,0.0144000016152859,18.0250015258789,0.0,true,true,426.9999999999999,69.87428571428568,57.334285714285684,54.999999999999986,23788.8,28868.7,24481.73999999998,29836.319999999974,69.93333333333334,70.12666666666668,55.0,61.08,55.04666666666667,0.007017543911933866,1.2016667683919267,407.209999593099,426.3333333333333,69.85263264973959,69.53933868408201,0.017280000696579638,1.2016667683919267,0.0,428.1466666666666,70.12666666666661,61.05199999999997,54.99999999999999,26133.94,29897.82,26222.330514285695,30025.087085714265
2021-04-25T21:15:00.0,70.0,70.1,54.0,83.7,54.6,74.0,85.0,65.0,74.0,71.0,3.0,0.0,76.0,73.0,85.0,55.0,33.0526313781738,56.8983535766602,741.39013671875,590.0,1000.0,400.0,76.0,75.9794006347656,0.0180000010877848,56.8983535766602,0.0,true,true,613.1999999999999,70.09999999999995,85.01999999999995,53.999999999999986,49383.0,41359.0,52134.26399999997,42985.31999999996,69.63333333333334,69.81333333333332,54.666666666666664,75.98666666666666,55.0,26.87719281514485,29.781186421712235,578.6871012369792,536.2666666666667,74.4000005086263,74.47871093749998,0.017520000661412898,29.781186421712235,0.0,537.3199999999999,69.8133333333333,76.05866666666662,54.666666666666664,41031.84666666667,37443.42666666667,41150.67531428568,37517.52079999997
2021-04-25T21:30:00.0,72.0,71.9,54.0,91.4,54.7,73.0,85.0,65.0,76.0,73.0,3.0,0.0,75.0,72.0,85.0,55.0,69.0526351928711,66.8229904174805,764.987915039062,817.0,1000.0,400.0,86.1052627563477,85.9851303100586,0.0144000016152859,60.8313217163086,0.0,true,true,809.3999999999999,71.89999999999996,91.03142857142852,53.999999999999986,74673.8,58742.3,73680.83828571423,58195.85999999996,70.83333333333333,71.0,54.0,90.86666666666669,54.98666666666667,66.14737040201824,67.7203125,803.9518636067709,776.6666666666666,84.6736841837565,84.7833465576172,0.01776000112295154,66.52920074462891,0.0,773.6933333333332,71.00057142857138,90.80038095238089,53.99999999999999,70566.78666666667,55172.36,70243.45386666662,54960.94826666662
2021-04-25T21:45:00.0,72.5,72.6,54.0,92.0,55.4,74.0,85.0,65.0,75.0,72.0,3.0,0.0,76.0,73.0,85.0,55.0,50.4210510253906,59.098014831543,754.638122558594,710.0,1000.0,400.0,81.0526351928711,81.0330581665039,0.0180000010877848,59.1063537597656,0.0,true,true,717.3999999999999,72.60857142857138,92.29999999999995,53.999999999999986,65320.0,51545.99999999999,66216.01999999996,52089.3891428571,72.13333333333334,72.36666666666666,54.0,91.07333333333332,54.93999999999999,55.33333257039388,53.87410481770833,723.2446248372396,751.8,82.69473520914714,82.5633066813151,0.017520000661412898,53.47299296061197,0.0,753.2266666666663,72.36666666666662,91.09847619047612,53.99999999999999,68441.63333333335,54401.706666666665,68589.1043428571,54505.17546666662
2021-04-25T22:00:00.0,73.0,73.0,54.0,88.7,54.4,72.0,85.0,65.0,76.0,73.0,3.0,0.0,74.0,71.0,85.0,55.0,63.684211730957,60.5562362670898,763.337463378906,782.0,1000.0,400.0,84.2105255126953,84.0763397216797,0.0144000016152859,42.5312423706055,0.0,true,true,756.3999999999999,72.95714285714283,88.10857142857137,53.79999999999999,69363.40000000001,57086.0,66645.32342857137,55184.782857142825,72.53333333333333,72.7,54.0,92.22666666666669,55.026666666666664,62.175438690185544,62.70684611002604,776.2477416992186,746.4,82.82105102539064,82.89957784016927,0.017280000696579638,61.51295674641928,0.0,744.5199999999999,72.69828571428567,92.19866666666664,53.98666666666666,68837.96,54264.97999999998,68655.32693333327,54126.39942857139
2021-04-25T22:15:00.0,72.0,72.3,53.0,79.7,54.9,73.5,85.0,65.0,75.5,72.5,3.0,0.0,75.5,72.5,85.0,55.0,29.3684215545654,45.2814331054687,671.688598632812,590.0,1000.0,400.0,76.0,75.6114654541016,0.0144000016152859,45.2814331054687,0.0,true,true,596.1999999999998,72.27428571428567,80.30857142857138,52.99999999999999,47023.0,42657.0,47879.97028571425,43089.9291428571,72.33333333333333,72.61999999999999,53.06666666666667,82.42000000000002,54.86666666666666,32.37192980448405,33.773564656575516,597.8347127278646,629.4666666666667,77.17894795735677,76.98586018880208,0.017280000696579638,32.955787658691406,0.0,631.2666666666667,72.62114285714281,82.45771428571425,53.08,51892.63333333333,45720.973333333335,52056.78495238091,45852.69779047616
2021-04-25T22:30:00.0,72.5,72.6,53.0,89.2,55.2,76.5,85.0,65.0,78.5,75.5,3.0,0.0,78.5,75.5,85.0,55.0,50.315788269043,81.8980026245117,891.388000488281,678.0,1000.0,400.0,79.7894744873047,79.8396759033203,0.0217643454670906,81.8980026245117,0.0,true,true,715.3999999999999,72.55714285714282,89.87714285714281,52.99999999999999,60477.6,49222.799999999996,64298.10799999996,51907.37999999996,72.06666666666666,72.27999999999999,53.0,91.12666666666668,55.093333333333334,47.038595326741564,50.78415171305337,702.3049072265625,657.6666666666666,79.20000152587889,79.38414815266927,0.017770956953366616,50.78415171305337,0.0,660.5066666666664,72.2788571428571,91.13980952380949,52.99999999999999,59979.893333333326,47538.34666666667,60234.537752380915,47743.75607619045
2021-04-25T22:45:00.0,73.5,73.9,53.0,80.7,54.9,74.5,85.0,65.0,76.5,73.5,3.0,0.0,76.5,73.5,85.0,55.0,99.5789489746094,84.5142288208008,907.085388183594,991.0,1000.0,400.0,92.4210510253906,92.3152770996094,0.0144000016152859,84.5142288208008,0.0,true,true,973.9999999999998,73.89142857142852,80.99999999999996,52.99999999999999,79973.7,73234.90000000001,78893.99999999994,71970.25142857136,72.96666666666667,73.15333333333334,53.0,85.32666666666667,54.78666666666667,95.94385986328125,95.659841410319,973.9590454101562,937.7333333333333,90.94736887613934,91.1582539876302,0.017850524807969757,95.659841410319,0.0,933.2666666666665,73.15504761904758,85.31009523809517,52.99999999999999,79881.61333333333,68623.30666666667,79494.6466666666,68297.85660952376
2021-04-25T23:00:00.0,74.0,74.1,52.0,84.7,54.7,72.5,85.0,65.0,76.5,73.5,3.0,0.0,74.5,71.5,85.0,55.0,75.684211730957,50.8565292358398,705.13916015625,877.0,1000.0,400.0,88.0,88.0182876586914,0.0189883727580309,50.8565292358398,0.0,true,true,851.9999999999998,74.09999999999995,83.8428571428571,51.99999999999999,74281.90000000001,64985.7,71434.11428571423,63133.19999999994,73.73333333333333,73.96666666666665,52.6,87.36666666666669,55.07333333333333,81.00350901285807,79.06334635416667,874.3800862630209,912.8,89.30526275634764,89.1919637044271,0.01758589210609597,79.06168009440104,0.0,911.1199999999998,73.96666666666663,87.31923809523805,52.6,79732.58,67514.68,79552.73078095232,67389.89154285709
2021-04-25T23:15:00.0,73.0,73.0,52.0,78.0,54.7,70.0,85.0,65.0,74.5,71.5,3.0,0.0,72.0,69.0,85.0,55.0,40.0,0.0,400.0,653.0,1000.0,400.0,78.5263137817383,78.3179702758789,0.0244122818112373,0.0,12.0166664123535,false,true,602.3999999999999,72.99999999999996,77.84571428571424,51.99999999999999,50934.0,47669.0,46894.25828571425,43975.19999999997,73.3,73.46666666666667,52.0,80.21333333333332,54.966666666666676,43.978948465983045,40.33187408447265,641.9812377929687,688.4,79.59298400878905,79.31012573242187,0.018427486469348296,39.906318664550774,0.8011110941569,686.5866666666665,73.46666666666663,80.251619047619,51.99999999999999,55200.68,50589.54666666666,55088.0624380952,50459.88445714281
2021-04-25T23:30:00.0,71.0,71.3,52.0,57.8,54.8,69.0,85.0,65.0,72.0,69.0,3.0,0.0,71.0,68.0,85.0,55.0,0.0,0.0,400.0,410.0,1000.0,400.0,69.684211730957,69.4580688476562,0.0180000010877848,0.0,0.0,false,true,412.4,71.29999999999995,57.79999999999997,51.99999999999999,23698.0,29233.0,23836.719999999987,29404.11999999998,71.86666666666666,72.07333333333332,52.0,61.38666666666666,54.773333333333326,0.3298245747884113,0.5632405598958333,403.379443359375,426.6,69.9368428548177,69.70125630696613,0.018000001087784802,0.0,3.6342572530110706,431.3466666666666,72.07333333333328,61.38323809523806,51.99999999999999,26370.246666666662,30758.01333333333,26676.983085714266,31102.69219047617
2021-04-25T23:45:00.0,70.5,70.5,52.0,56.9,54.4,72.0,85.0,65.0,71.0,68.0,3.0,0.0,74.0,71.0,85.0,55.0,0.0,6.00833129882812,436.049987792969,410.0,1000.0,400.0,69.684211730957,69.4580688476562,0.0180000010877848,6.00833129882812,0.0,true,true,411.9999999999999,70.4485714285714,56.69428571428568,51.99999999999999,23329.0,28905.0,23358.045714285694,29024.811428571407,70.63333333333334,70.78,52.0,57.17333333333333,54.526666666666664,0.0,0.40055541992187466,402.40333251953126,410.6,69.68421173095702,69.45806884765622,0.018000001087784802,0.40055541992187466,0.0,410.6933333333333,70.77771428571424,57.15504761904757,51.99999999999999,23475.746666666662,29062.640000000003,23473.50259047617,29068.227085714265
2021-04-26T00:00:00.0,70.5,70.7,52.0,75.4,54.9,72.5,85.0,65.0,74.5,71.5,3.0,0.0,74.5,71.5,85.0,55.0,16.7368412017822,23.8407592773437,543.044555664063,511.0,1000.0,400.0,73.4736862182617,73.3742828369141,0.0180000010877848,23.8407592773437,0.0,true,true,511.5999999999999,70.70857142857139,75.5628571428571,51.99999999999999,38529.4,36127.700000000004,38657.95771428569,36174.50514285712,70.23333333333333,70.42666666666668,52.0,73.34,54.95333333333333,14.905263010660795,17.109130350748693,502.65477091471354,478.6666666666667,72.58947347005208,72.68697408040366,0.017520000661412898,17.109130350748693,0.0,478.5733333333332,70.42895238095234,73.3645714285714,51.99999999999999,35264.31999999999,33714.64666666666,35252.901066666636,33708.872266666636
2021-04-26T00:15:00.0,71.0,71.1,52.0,84.3,54.9,73.0,85.0,65.0,74.5,71.5,3.0,0.0,75.0,72.0,85.0,55.0,33.2631568908691,37.4905548095703,624.943298339844,596.0,1000.0,400.0,76.6315765380859,76.5509643554687,0.0180000010877848,37.4905548095703,0.0,true,true,591.5999999999999,71.07428571428568,84.29999999999995,51.99999999999999,50242.799999999996,42375.6,49871.87999999997,42047.5474285714,70.63333333333334,70.87999999999998,52.0,79.87333333333332,54.96,28.80701700846352,30.82230885823568,589.7338338216144,554.2666666666667,75.1157897949219,75.18961130777993,0.018000001087784802,30.822864278157557,0.0,554.2666666666667,70.87942857142852,79.85904761904757,51.99999999999999,44301.966666666674,39288.90666666666,44290.2021333333,39288.3925333333
2021-04-26T00:30:00.0,71.5,71.7,51.0,90.4,55.7,75.5,85.0,65.0,75.0,72.0,3.0,0.0,77.5,74.5,85.0,55.0,42.8421058654785,72.4487228393555,834.692321777344,628.0,1000.0,400.0,77.8947372436523,77.9812088012695,0.0213368069380522,72.4987182617187,0.0,true,true,669.5999999999999,71.70857142857139,91.53999999999995,50.999999999999986,56771.200000000004,45027.6,61295.18399999996,48016.059428571396,71.26666666666667,71.44666666666667,51.4,86.63333333333334,55.053333333333335,41.340350596110014,43.06378529866537,658.3860270182292,621.9333333333333,77.64210561116535,77.63619944254557,0.018222454811135956,43.07211761474609,0.0,625.4666666666667,71.44723809523806,86.69276190476185,51.39999999999999,53888.24,44437.353333333325,54248.991809523766,44690.932685714244
2021-04-26T00:45:00.0,73.0,73.1,51.0,89.8,56.2,75.0,85.0,65.0,77.5,74.5,3.0,0.0,77.0,74.0,85.0,55.0,88.315788269043,83.3317108154297,899.990234375,909.0,1000.0,400.0,89.2631607055664,89.606689453125,0.0180000010877848,83.3483810424805,0.0,true,true,906.1999999999998,73.06571428571424,89.80857142857137,50.999999999999986,81628.2,66447.9,81384.52742857135,66212.15028571423,72.23333333333333,72.42,51.0,89.2,55.793333333333344,83.214035542806,84.07187194824219,906.831229654948,872.5333333333333,88.41403706868489,88.5634272257487,0.018008543302615514,84.10909474690756,0.0,868.7466666666667,72.4188571428571,89.14857142857139,50.99999999999999,77653.01333333334,63211.48,77276.60171428564,62937.626323809476
2021-04-26T01:00:00.0,73.5,73.8,51.0,89.2,55.6,74.5,85.0,65.0,77.0,74.0,3.0,0.0,76.5,73.5,85.0,55.0,87.7894744873047,87.9398803710938,891.639282226563,915.0,1000.0,400.0,89.2631607055664,89.606689453125,0.0180000010877848,81.9398803710938,0.0,true,true,911.9999999999998,73.80857142857138,89.20857142857139,50.999999999999986,81618.0,67527.0,81358.21714285709,67313.41714285708,73.33333333333333,73.51333333333335,51.0,87.58666666666666,54.99333333333333,87.95789489746095,86.29327646891277,915.3596598307291,910.6666666666666,89.2631607055664,89.606689453125,0.018000001087784802,85.90439147949219,0.0,910.7999999999997,73.51447619047616,87.5883809523809,50.99999999999999,79761.11999999998,66946.81999999999,79774.36521904756,66957.56895238093
2021-04-26T01:15:00.0,74.0,74.1,51.0,91.2,55.3,71.5,85.0,65.0,73.5,70.5,3.0,0.0,73.5,70.5,85.0,55.0,77.2631607055664,37.5649185180664,625.389465332031,855.0,1000.0,400.0,88.0,88.0021209716797,0.0182790141552687,37.5649185180664,0.0,true,true,820.7999999999997,74.04857142857138,90.65999999999994,50.999999999999986,77976.0,63355.49999999999,74413.72799999993,60779.06742857137,73.66666666666667,73.90666666666665,51.0,88.3,55.16,79.75438435872393,76.8087824503581,860.8526896158855,886.2666666666667,88.63158009847005,88.77124532063802,0.018018601958950393,76.40878245035809,0.0,883.0533333333332,73.90438095238092,88.28399999999993,50.99999999999999,78209.16,65499.55999999999,77911.15710476183,65259.90232380948
2021-04-26T01:30:00.0,72.5,72.7,50.0,79.6,55.6,72.0,85.0,65.0,73.5,70.5,3.0,0.0,74.0,71.0,85.0,55.0,19.6842098236084,21.6569976806641,529.941955566406,536.0,1000.0,400.0,74.1052627563477,73.6058044433594,0.0180000010877848,21.6569976806641,0.0,true,true,535.3999999999999,72.69999999999996,79.60857142857137,49.99999999999999,42665.6,38967.200000000004,42622.4291428571,38923.579999999965,73.23333333333333,73.44666666666666,50.46666666666667,78.99999999999999,54.980000000000004,24.85614051818849,24.332979329427086,545.9978597005208,591.8666666666667,75.70526326497398,75.47608083089192,0.01765676674743495,24.332979329427086,0.0,595.0399999999998,73.44838095238092,79.01428571428569,50.46666666666666,46936.706666666665,43500.77999999999,47188.40582857139,43736.837142857104
2021-04-26T01:45:00.0,72.0,72.1,50.0,78.2,55.8,70.0,85.0,65.0,74.0,71.0,3.0,0.0,72.0,69.0,85.0,55.0,11.6842107772827,0.0,400.0,501.0,1000.0,400.0,72.2105255126953,72.2251663208008,0.0180000010877848,0.0,0.0,false,true,478.7999999999999,72.07428571428566,78.0028571428571,49.99999999999999,39178.200000000004,36122.1,37347.76799999997,34509.16799999997,72.16666666666667,72.32666666666667,50.0,77.79333333333334,54.919999999999995,16.926315943400063,14.802779134114582,488.8100036621095,519.6,73.43157958984375,73.17735188802084,0.018000001087784802,14.400557454427082,0.0,517.6933333333333,72.32609523809519,77.79104761904756,49.99999999999999,40426.04,37582.82,40274.878666666635,37445.07459047616
2021-04-26T02:00:00.0,71.0,71.1,50.0,57.9,55.2,72.0,85.0,65.0,72.0,69.0,3.0,0.0,74.0,71.0,85.0,55.0,0.0,0.0,400.0,413.0,1000.0,400.0,69.684211730957,69.7190551757813,0.0180000010877848,0.0,0.0,false,true,413.5999999999999,71.06571428571425,57.89999999999996,49.99999999999999,23912.7,29364.3,23947.43999999998,29392.779428571408,71.46666666666667,71.62666666666665,50.0,61.66,54.96666666666667,0.0,0.0,400.0,416.8666666666667,69.72631683349609,69.75949300130212,0.018000001087784802,0.0,0.0,418.6133333333333,71.62609523809519,61.66285714285712,49.99999999999999,25756.146666666667,29859.873333333333,25878.5647238095,29985.697561904733
2021-04-26T02:15:00.0,70.0,70.4,49.0,72.5,54.4,71.0,85.0,65.0,74.0,71.0,3.0,0.0,73.0,70.0,85.0,55.0,15.2631578445435,19.7651901245117,446.591125488281,476.0,1000.0,400.0,72.8421020507812,73.3242874145508,0.0144000016152859,7.75685882568359,0.0,true,true,466.7999999999999,70.39142857142853,72.36285714285711,48.999999999999986,34510.0,33510.4,33778.98171428569,32858.718857142834,70.43333333333334,70.65333333333334,49.53333333333333,60.70666666666667,55.059999999999995,8.371929717063917,10.659755961100245,459.1585347493488,426.46666666666664,70.61052500406899,70.71217549641929,0.017280000696579638,10.266976928710944,0.0,427.63999999999993,70.65504761904756,60.71352380952377,49.53333333333333,25964.673333333336,30128.52666666667,26037.876114285693,30212.10205714283
2021-04-26T02:30:00.0,70.0,70.2,49.0,57.9,55.1,69.0,85.0,65.0,73.0,70.0,3.0,0.0,71.0,68.0,85.0,55.0,0.0,4.51598358154297,427.095886230469,423.0,1000.0,400.0,70.315788269043,70.3456115722656,0.0180000010877848,0.0,0.0,false,true,423.5999999999999,70.19999999999996,57.882857142857105,48.999999999999986,24491.7,29694.600000000002,24519.178285714264,29736.719999999976,70.2,70.39999999999999,49.0,61.9,54.96666666666667,1.6912280360857639,3.097105916341145,417.9890177408853,437.46666666666664,70.69473571777344,70.65903015136719,0.017520000661412898,3.0065027872721353,0.0,436.6133333333333,70.39942857142852,61.89199999999995,48.99999999999999,27184.493333333332,30798.173333333336,27106.033180952356,30737.946323809494
2021-04-26T02:45:00.0,69.5,69.8,49.0,57.4,55.3,69.5,85.0,65.0,71.5,68.5,3.0,0.0,71.5,68.5,85.0,55.0,0.0,0.0,400.0,426.0,1000.0,400.0,70.315788269043,70.3456115722656,0.0180000010877848,0.0,0.0,false,true,429.5999999999999,69.74857142857138,57.44285714285711,48.999999999999986,24452.399999999998,29734.8,24677.451428571407,29963.986285714258,69.66666666666667,69.91999999999999,49.0,57.51333333333333,54.946666666666665,0.0,0.0,400.0,426.46666666666664,70.31578826904298,70.34561157226561,0.018000001087784802,0.0,0.0,426.3466666666666,69.91828571428567,57.515047619047586,48.99999999999999,24526.900000000005,29818.239999999994,24520.741980952364,29809.126057142832
2021-04-26T03:00:00.0,69.5,69.5,49.0,56.6,54.4,72.5,85.0,65.0,71.5,68.5,3.0,0.0,74.5,71.5,85.0,55.0,0.210526317358017,30.033332824707,580.199951171875,426.0,1000.0,400.0,70.315788269043,70.3817291259766,0.0144000016152859,24.033332824707,0.0,true,true,450.3999999999999,69.4485714285714,56.13714285714282,48.999999999999986,24111.600000000002,29607.0,25284.16914285712,31279.636571428553,69.5,69.53999999999999,49.0,57.226666666666674,54.779999999999994,0.0140350878238678,2.0022221883138,412.013330078125,424.93333333333334,70.31578826904298,70.34801940917968,0.01776000112295154,1.6022221883138,0.0,427.21333333333325,69.53999999999996,57.1878095238095,48.99999999999999,24317.83333333333,29549.90666666667,24429.59367619046,29708.298742857114
2021-04-26T03:15:00.0,70.5,70.7,48.0,88.2,54.0,75.5,85.0,65.0,74.5,71.5,3.0,0.0,77.5,74.5,85.0,55.0,42.9473686218262,77.1571960449219,862.943176269531,647.0,1000.0,400.0,78.5263137817383,78.7056427001953,0.021955206990242,77.2071990966797,0.0,true,true,688.3999999999999,70.73428571428568,89.19428571428567,48.19999999999999,57065.4,45742.9,61401.346285714244,48693.48228571425,69.6,69.80666666666667,48.86666666666667,81.99333333333333,55.26,39.978947448730466,43.04248911539714,658.2682657877605,613.0666666666667,77.64210357666016,77.75132802327474,0.01778368105491004,42.64971160888672,0.0,614.7333333333332,69.80952380952377,82.083619047619,48.86666666666665,50714.76,42811.41333333334,50899.37916190472,42933.656190476155
2021-04-26T03:30:00.0,72.5,72.6,48.0,86.5,54.6,77.0,85.0,65.0,77.5,74.5,3.0,0.0,79.0,76.0,85.0,55.0,98.7368392944336,100.0,1000.0,959.0,1000.0,400.0,91.7894744873047,91.8827362060547,0.0180000010877848,100.0,0.0,true,true,952.1999999999998,72.60857142857138,86.73142857142851,47.99999999999999,82953.5,69623.4,82585.66628571421,69137.88171428566,71.46666666666667,71.7,48.0,87.83333333333333,55.08,87.82456003824869,89.2320561726888,935.4123331705729,892.4666666666667,89.34736938476563,89.51636454264323,0.01804976972440881,89.25927937825521,0.0,888.8799999999998,71.69999999999997,87.78704761904756,47.99999999999999,78233.1,64019.82666666667,77881.29139047612,63764.92228571425
2021-04-26T03:45:00.0,73.5,73.6,48.0,85.9,54.4,74.5,85.0,65.0,79.0,76.0,3.0,0.0,76.5,73.5,85.0,55.0,100.0,100.0,1000.0,969.0,1000.0,400.0,91.7894744873047,92.3055419921875,0.0180000010877848,100.0,0.0,true,true,970.7999999999997,73.54857142857139,85.98571428571424,47.99999999999999,83237.1,71318.4,83474.93142857136,71400.95314285709,72.9,73.16666666666666,48.0,84.76666666666667,54.953333333333326,100.0,100.0,1000.0,971.2666666666667,91.7894744873047,92.3055419921875,0.018000001087784802,100.0,0.0,970.9866666666663,73.16380952380949,84.76438095238089,47.99999999999999,82325.88000000002,71065.08666666666,82300.88929523804,71041.864647619
2021-04-26T04:00:00.0,74.0,74.1,48.0,86.2,55.0,75.0,85.0,65.0,76.5,73.5,3.0,0.0,77.0,74.0,85.0,55.0,97.7894744873047,99.4251403808594,996.550842285156,975.0,1000.0,400.0,92.4210510253906,92.3211975097656,0.0180000010877848,99.4251403808594,0.0,true,true,976.1999999999998,74.0828571428571,86.18285714285709,47.99999999999999,84045.0,72247.5,84131.70514285707,72319.68514285708,73.6,73.81999999999998,48.0,84.55333333333333,55.08666666666668,99.43859608968098,99.54556884765626,997.2734130859375,977.1333333333333,92.37894592285156,92.32015380859373,0.018000001087784802,99.54501342773438,0.0,977.1733333333333,73.82171428571425,84.55333333333327,47.99999999999999,82612.54000000001,72132.20666666665,82618.30841904756,72136.76777142851
2021-04-26T04:15:00.0,74.5,74.5,47.0,83.5,56.1,77.0,85.0,65.0,77.0,74.0,3.0,0.0,79.0,76.0,85.0,55.0,97.7894744873047,100.0,1000.0,975.0,1000.0,400.0,92.4210510253906,92.3211975097656,0.0180000010877848,100.0,0.0,true,true,974.3999999999997,74.41428571428567,83.62857142857138,46.99999999999999,81412.5,72637.5,81487.67999999993,72509.27999999994,74.03333333333333,74.24666666666666,47.8,84.06,54.84,97.7894744873047,99.46346435546876,996.7807861328124,974.2,92.42105102539061,92.32119750976561,0.018000001087784802,99.46346435546876,0.0,974.0799999999999,74.24438095238091,84.05828571428566,47.8,81896.26000000001,72331.08,81882.71211428566,72319.98788571423
2021-04-26T04:30:00.0,74.5,74.7,47.0,81.7,55.5,75.0,85.0,65.0,77.0,74.0,3.0,0.0,77.0,74.0,85.0,55.0,99.684211730957,93.9916687011719,963.950012207031,1000.0,1000.0,400.0,92.4210510253906,92.3211975097656,0.0180000010877848,93.9916687011719,0.0,true,true,995.7999999999998,74.67428571428567,81.68285714285709,46.99999999999999,81700.0,74700.0,81339.78914285707,74360.65371428567,74.36666666666666,74.52666666666667,47.0,83.9,55.059999999999995,99.97894744873047,99.59944458007813,997.5966674804688,990.4,92.42105102539061,92.32119750976561,0.018000001087784802,99.59944458007813,0.0,990.2799999999996,74.52895238095233,83.89599999999994,46.99999999999999,83102.72666666665,73811.65999999999,83088.55809523803,73804.84868571423
2021-04-26T04:45:00.0,74.5,74.7,47.0,86.5,55.1,74.5,85.0,65.0,77.0,74.0,3.0,0.0,76.5,73.5,85.0,55.0,88.8421020507813,80.5018310546875,883.010986328125,947.0,1000.0,400.0,90.5263137817383,90.4730682373047,0.0144000016152859,80.4851684570313,0.0,true,true,941.7999999999997,74.69999999999996,86.44857142857137,46.99999999999999,81915.5,70740.90000000001,81417.26457142849,70352.45999999995,74.5,74.68000000000002,47.0,85.78666666666668,55.18,92.2105255126953,89.59375610351564,937.5592041015624,972.7333333333333,91.36842193603516,91.3699483235677,0.01776000112295154,89.59097900390626,0.0,972.2399999999997,74.68057142857138,85.77809523809516,46.99999999999999,83425.55333333333,72643.7,83375.52544761897,72607.40179047613
2021-04-26T05:00:00.0,74.5,74.7,47.0,86.7,55.2,72.0,85.0,65.0,76.5,73.5,3.0,0.0,74.0,71.0,85.0,55.0,69.4736862182617,35.4520645141602,612.71240234375,833.0,1000.0,400.0,86.1052627563477,85.7610092163086,0.022225558757782,35.4520645141602,0.0,true,true,789.9999999999999,74.64857142857139,85.9028571428571,46.79999999999999,72221.1,62225.100000000006,67863.2571428571,58972.37142857139,74.5,74.67333333333335,47.0,87.03999999999999,54.993333333333325,75.12280782063803,70.4930658976237,822.9517333984375,870.2,87.70526173909504,87.63907572428386,0.017801704506079378,70.48306833902994,0.0,866.9866666666663,74.671619047619,87.01999999999994,46.98666666666666,75687.41333333333,64982.04666666666,75394.54765714282,64740.77020952375
2021-04-26T05:15:00.0,73.0,73.0,46.0,70.5,54.9,69.5,85.0,65.0,74.0,71.0,3.0,0.0,71.5,68.5,85.0,55.0,19.2631587982178,0.0,400.0,536.0,1000.0,400.0,73.4736862182617,73.175422668457,0.0180000010877848,0.0,18.0249977111816,false,true,513.9999999999999,72.93999999999997,70.87714285714281,45.999999999999986,37788.0,39128.0,36430.8514285714,37491.159999999974,73.56666666666666,73.73333333333333,46.06666666666667,75.94000000000001,54.893333333333345,26.049123255411825,24.22104797363281,542.9262756347656,586.6666666666666,75.19999847412109,75.12712809244792,0.01805442385375503,23.782716369628883,1.2016665140787735,587.6399999999998,73.73276190476189,75.96799999999998,46.08,44632.34,43281.833333333336,44725.09771428568,43358.49428571425
2021-04-26T05:30:00.0,71.5,71.6,46.0,57.8,55.2,72.5,85.0,65.0,71.5,68.5,3.0,0.0,74.5,71.5,85.0,55.0,0.0,6.00833129882812,436.049987792969,419.0,1000.0,400.0,69.684211730957,69.3728637695312,0.0180000010877848,0.008331298828125,0.0,true,true,417.79999999999995,71.55714285714282,57.79142857142854,45.999999999999986,24218.199999999997,30000.399999999998,24145.258857142842,29896.57428571427,71.96666666666667,72.14,46.0,59.533333333333324,54.86666666666666,0.0,0.40055541992187466,402.40333251953126,421.93333333333334,69.76842193603514,69.45152486165361,0.018000001087784802,0.000555419921875,10.752430216471355,424.8666666666666,72.14057142857139,59.53561904761902,45.99999999999999,25154.999999999996,30441.866666666665,25339.04514285712,30655.662666666638
2021-04-26T05:45:00.0,70.5,70.9,46.0,75.6,55.3,74.0,85.0,65.0,76.0,73.0,3.0,0.0,76.0,73.0,85.0,55.0,18.3157901763916,40.6739654541016,644.043762207031,505.0,1000.0,400.0,73.4736862182617,73.4503021240234,0.0180000010877848,40.6739654541016,0.0,true,true,530.5999999999999,70.89999999999996,76.30285714285708,45.19999999999999,38178.0,35804.5,40486.29599999996,37619.53999999997,70.73333333333333,71.06666666666666,45.8,64.74666666666667,55.04666666666666,10.877193101247133,14.642062886555992,487.8523661295572,445.06666666666666,70.98947347005206,70.89258066813149,0.0175200006614129,14.64706217447917,0.0,447.96,71.0683809523809,64.76609523809519,45.773333333333326,29081.433333333334,31624.820000000003,29291.043314285693,31830.693561904733
2021-04-26T06:00:00.0,72.0,72.2,45.0,92.7,55.1,73.5,85.0,65.0,76.0,73.0,3.0,0.0,75.5,72.5,85.0,55.0,47.684211730957,42.5483245849609,655.289916992188,685.0,1000.0,400.0,79.7894744873047,79.8422317504883,0.0180000010877848,42.5483245849609,0.0,true,true,685.3999999999999,72.17428571428567,92.72571428571425,44.99999999999999,63499.5,49457.0,63554.204571428534,49468.25542857139,71.3,71.5,45.06666666666667,88.44,54.94666666666667,45.649123128255205,46.870156860351564,681.2209228515625,660.2666666666667,79.03157908121744,79.12249399820963,0.018000001087784802,46.07015736897787,0.0,657.3199999999999,71.4988571428571,88.41599999999995,45.09333333333333,58462.38,47221.26,58184.673980952335,47010.99961904758
2021-04-26T06:15:00.0,72.5,72.7,46.0,92.2,54.8,76.5,85.0,65.0,75.5,72.5,3.0,0.0,78.5,75.5,85.0,55.0,42.6315803527832,75.0066223144531,850.039733886719,669.0,1000.0,400.0,79.1578979492187,79.1592025756836,0.0196019541472197,75.0066223144531,0.0,true,true,695.8,72.69999999999996,93.21142857142851,45.999999999999986,61681.8,48636.3,64856.51199999996,50584.65999999997,72.36666666666666,72.52000000000001,45.333333333333336,90.50666666666667,55.07333333333333,42.53333511352535,43.04551391601562,655.8730590820312,668.8,79.36842346191406,79.31885070800783,0.018106797958413794,42.64551391601562,0.0,671.5066666666664,72.52114285714282,90.56038095238091,45.33333333333333,60539.2,48500.326666666675,60824.643847618994,48697.96201904758
2021-04-26T06:30:00.0,73.5,73.9,46.0,85.9,55.2,77.0,85.0,65.0,78.5,75.5,3.0,0.0,79.0,76.0,85.0,55.0,100.0,100.0,1000.0,956.0,1000.0,400.0,90.5263137817383,90.8327407836914,0.0180000010877848,100.0,0.0,true,true,962.1999999999998,73.86571428571423,85.97714285714281,45.999999999999986,82120.40000000001,70648.40000000001,82727.2068571428,71073.59028571422,73.06666666666666,73.27333333333334,46.0,88.14666666666668,55.040000000000006,88.36491088867186,90.1488032023112,938.5128173828125,899.4666666666667,88.88420867919922,89.02078552246094,0.018000001087784802,89.77547047932941,0.0,897.0266666666665,73.27219047619043,88.09580952380948,45.99999999999999,79139.46666666666,65930.56666666667,78906.05177142851,65751.33241904755
2021-04-26T06:45:00.0,74.5,74.7,46.0,82.4,54.8,75.5,85.0,65.0,79.0,76.0,3.0,0.0,77.5,74.5,85.0,55.0,100.0,100.0,1000.0,985.0,1000.0,400.0,92.4210510253906,92.5525588989258,0.0180000010877848,100.0,0.0,true,true,978.9999999999998,74.61428571428567,82.5628571428571,45.999999999999986,81164.0,73579.5,80829.03714285708,73047.38571428566,74.06666666666666,74.32,46.0,84.64666666666668,54.993333333333325,100.0,100.0,1000.0,969.0,91.95789489746093,92.05692545572919,0.018000001087784802,100.0,0.0,968.853333333333,74.31828571428566,84.65409523809521,45.99999999999999,82018.91999999998,72016.59333333332,82015.47653333326,72004.04571428566
2021-04-26T07:00:00.0,75.0,75.1,46.0,81.2,54.8,75.0,85.0,65.0,77.5,74.5,3.0,0.0,77.0,74.0,85.0,55.0,97.684211730957,86.7253112792969,920.351867675781,994.0,1000.0,400.0,92.4210510253906,92.5300521850586,0.0144000016152859,86.7253112792969,0.0,true,true,978.1999999999998,75.04857142857138,81.03714285714281,45.999999999999986,80712.8,74649.4,79270.53314285708,73412.51257142851,74.6,74.76,46.0,83.9,55.09333333333334,99.5368423461914,98.2467041015625,989.480224609375,988.4,92.42105102539061,92.55105845133465,0.01776000112295154,98.24614868164062,0.0,987.5199999999998,74.76114285714283,83.88342857142852,45.99999999999999,82929.57333333333,73892.84666666666,82842.05131428565,73827.93965714281
2021-04-26T07:15:00.0,75.0,75.2,46.0,84.5,54.8,72.5,85.0,65.0,74.5,71.5,3.0,0.0,74.5,71.5,85.0,55.0,73.5789489746094,43.6342849731445,661.8056640625,880.0,1000.0,400.0,88.0,87.7815475463867,0.0220856312662363,43.6342849731445,0.0,true,true,838.5999999999999,75.1828571428571,83.67714285714283,45.999999999999986,74360.0,66176.0,70171.65199999997,63048.34399999996,74.9,75.04,46.0,86.14666666666668,54.940000000000005,82.8,79.25793660481771,875.5409545898438,915.8,89.38947347005207,89.24771321614584,0.017792376006642997,79.65238138834634,0.0,912.6399999999999,75.04057142857138,86.12666666666661,45.99999999999999,78880.37999999998,68720.04666666666,78604.88156190471,68483.0231619047
2021-04-26T07:30:00.0,73.0,73.4,47.0,77.5,55.1,72.0,85.0,65.0,74.5,71.0,3.0,0.0,74.0,71.0,85.0,55.0,28.8421058654785,24.6597213745117,547.958312988281,587.0,1000.0,400.0,75.3684234619141,75.3877792358398,0.0180000010877848,24.6597213745117,0.0,true,true,582.9999999999999,73.3485714285714,77.54285714285709,46.99999999999999,45492.5,43085.8,45207.48571428567,42762.217142857124,74.06666666666666,74.24000000000001,46.46666666666667,78.23333333333333,55.03333333333334,33.89473648071291,32.95681457519531,595.3408732096354,635.6,77.09473571777342,76.83176269531249,0.018018356834848752,32.55681457519531,0.0,638.9199999999998,74.23942857142853,78.263619047619,46.46666666666666,49769.979999999996,47212.1,50059.310742857095,47461.49169523806
2021-04-26T07:45:00.0,71.5,71.8,48.0,57.9,55.0,73.0,85.0,65.0,74.0,71.0,3.0,0.0,75.0,72.0,85.0,55.0,18.7368412017822,33.2849502563477,599.709716796875,511.0,1000.0,400.0,72.8421020507812,72.8676300048828,0.0144000016152859,33.2849502563477,0.0,true,true,524.1999999999998,71.79999999999995,57.78857142857139,47.99999999999999,29586.899999999998,36689.799999999996,30292.769142857112,37637.55999999996,72.4,72.55333333333333,47.4,64.03999999999999,54.993333333333325,19.55087699890136,19.212612406412752,515.2690022786458,531.7333333333333,73.30526173909506,73.1786865234375,0.01776000112295154,19.210390726725254,0.0,533.3999999999999,72.55504761904758,64.02057142857139,47.39999999999999,34166.32,38586.45333333334,34259.705980952356,38707.723047619016
2021-04-26T08:00:00.0,71.5,71.8,48.0,78.1,55.2,74.5,85.0,65.0,75.0,72.0,3.0,0.0,76.5,73.5,85.0,55.0,38.9473686218262,59.5264892578125,757.158935546875,618.0,1000.0,400.0,77.2631607055664,77.7690658569336,0.0180000010877848,59.5264892578125,0.0,true,true,647.8,71.73999999999995,78.91428571428567,47.99999999999999,48265.799999999996,44372.4,51120.67428571425,46473.17199999996,71.43333333333334,71.58666666666667,48.0,75.44,54.86666666666667,37.69122797648114,39.74488118489584,638.4859375,603.7333333333333,76.63158060709635,76.99368591308594,0.017520000661412898,39.352102152506504,0.0,605.2666666666664,71.58438095238093,75.48228571428565,47.99999999999999,45677.653333333335,43219.02,45818.25573333329,43327.93424761902
2021-04-26T08:15:00.0,73.0,73.3,48.0,85.5,54.9,77.0,85.0,65.0,76.5,73.5,3.0,0.0,79.0,76.0,85.0,55.0,61.1578941345215,89.601318359375,937.60791015625,779.0,1000.0,400.0,83.5789489746094,83.2661743164063,0.0181024577468634,89.601318359375,0.0,true,true,808.5999999999999,73.24857142857138,86.0828571428571,47.99999999999999,66604.5,57100.7,69606.59828571424,59228.79485714281,72.33333333333333,72.53999999999999,48.266666666666666,87.00666666666667,55.019999999999996,62.82807006835939,63.63080546061198,779.4381591796875,770.6,83.57894744873047,83.42834930419922,0.018006831531723375,63.25024973551433,0.0,770.4133333333332,72.54114285714283,87.01238095238091,48.26666666666665,67065.04666666668,55910.83999999999,67046.70822857138,55900.92914285711
2021-04-26T08:30:00.0,74.0,74.4,48.0,81.8,55.2,74.0,85.0,65.0,79.0,76.0,3.0,0.0,76.0,73.0,85.0,55.0,99.8947372436523,77.7591400146484,866.554870605469,978.0,1000.0,400.0,91.7894744873047,91.7463073730469,0.0144000016152859,77.7591400146484,0.0,true,true,965.5999999999999,74.40857142857139,81.61142857142852,47.99999999999999,80000.4,72763.20000000001,78803.99542857138,71848.91657142853,73.63333333333334,73.88000000000001,48.0,83.90666666666667,54.99333333333333,98.56140391031902,97.19601643880209,983.1761067708334,964.2666666666667,91.2000005086263,91.23294525146483,0.01776000112295154,97.20879364013672,0.0,960.4666666666667,73.8811428571428,83.86323809523805,47.99999999999999,80856.58000000002,71252.76,80507.22872380946,70972.8583619047
2021-04-26T08:45:00.0,74.0,74.2,49.0,87.1,55.4,76.5,85.0,65.0,78.5,75.5,3.0,0.0,78.5,75.5,85.0,55.0,67.4736862182617,92.7260513305664,956.356323242188,805.0,1000.0,400.0,84.8421020507813,84.9282531738281,0.0144000016152859,92.7260513305664,0.0,true,true,832.3999999999999,74.19999999999996,87.69142857142853,48.999999999999986,70115.5,59731.0,72994.3451428571,61764.07999999996,74.0,74.32666666666665,48.266666666666666,85.69999999999999,55.02666666666666,71.15789540608723,71.69594472249348,830.1623372395833,858.4666666666667,86.90526275634767,86.85136362711587,0.017280000696579638,71.293723042806,0.0,861.4133333333333,74.32609523809519,85.76114285714281,48.26666666666665,73553.36,63808.32,73871.79615238089,64026.60956190471
2021-04-26T09:00:00.0,74.5,74.7,49.0,84.4,54.9,73.5,85.0,65.0,78.5,72.5,3.0,0.0,75.5,72.5,85.0,55.0,99.4736862182617,69.2255096435547,815.35302734375,985.0,1000.0,400.0,91.7894744873047,91.7879180908203,0.0150723094120622,69.2255096435547,0.0,true,true,956.7999999999997,74.69999999999996,84.33142857142852,48.999999999999986,83134.0,73579.5,80688.31085714279,71472.95999999995,74.26666666666667,74.44666666666669,49.0,84.91333333333334,54.9,98.50526377360026,96.84538065592447,981.0722819010417,953.3333333333334,91.07368621826173,91.31148834228517,0.017324821216364725,96.84538065592447,0.0,949.8399999999998,74.44723809523806,84.8573333333333,48.99999999999999,80850.84666666666,70979.08666666666,80518.57222857136,70719.31066666661
2021-04-26T09:15:00.0,74.0,74.3,50.0,84.5,54.3,72.5,85.0,65.0,75.5,72.5,3.0,0.0,74.5,71.5,85.0,55.0,49.1578941345215,35.9759292602539,615.855590820312,726.0,1000.0,400.0,81.0526351928711,80.7690124511719,0.0180000010877848,35.9759292602539,0.0,true,true,707.9999999999999,74.23999999999995,83.64285714285711,49.99999999999999,61347.0,53941.799999999996,59219.142857142826,52561.919999999955,74.3,74.52666666666666,49.86666666666667,84.65333333333334,54.879999999999995,57.529824574788385,55.4518559773763,732.6744669596354,785.8666666666667,83.41754302978515,83.22587585449217,0.017520000661412898,55.04574483235677,0.0,785.7866666666666,74.52438095238091,84.63219047619042,49.86666666666667,66510.87999999999,58575.14666666668,66499.66342857138,58568.369409523766
2021-04-26T09:30:00.0,72.5,72.7,50.0,77.6,54.2,69.5,85.0,65.0,74.5,71.5,3.0,0.0,71.5,68.5,85.0,55.0,29.3684215545654,0.0,400.0,580.0,1000.0,400.0,75.3684234619141,75.3639297485352,0.0195324532687664,0.0,12.0166664123535,false,true,541.8,72.72571428571425,77.29999999999995,49.99999999999999,45008.0,42166.0,41881.13999999997,39402.79199999997,73.16666666666667,73.35333333333332,50.0,76.89999999999999,55.21333333333334,30.673683802286813,28.717657979329424,572.2126098632812,592.1333333333333,75.70526479085288,75.7128356933594,0.018102164566516907,28.70043640136718,0.8011110941569,591.0666666666665,73.35619047619042,76.9274285714285,49.99999999999999,45579.68000000001,43446.27333333332,45513.55759999996,43372.790857142834
